-- MySQL dump 10.13  Distrib 8.0.29, for macos12 (x86_64)
--
-- Host: localhost    Database: CRSDatabase
-- ------------------------------------------------------
-- Server version	8.0.29

/*!40101 SET @OLD_CHARACTER_SET_CLIENT=@@CHARACTER_SET_CLIENT */;
/*!40101 SET @OLD_CHARACTER_SET_RESULTS=@@CHARACTER_SET_RESULTS */;
/*!40101 SET @OLD_COLLATION_CONNECTION=@@COLLATION_CONNECTION */;
/*!50503 SET NAMES utf8mb4 */;
/*!40103 SET @OLD_TIME_ZONE=@@TIME_ZONE */;
/*!40103 SET TIME_ZONE='+00:00' */;
/*!40014 SET @OLD_UNIQUE_CHECKS=@@UNIQUE_CHECKS, UNIQUE_CHECKS=0 */;
/*!40014 SET @OLD_FOREIGN_KEY_CHECKS=@@FOREIGN_KEY_CHECKS, FOREIGN_KEY_CHECKS=0 */;
/*!40101 SET @OLD_SQL_MODE=@@SQL_MODE, SQL_MODE='NO_AUTO_VALUE_ON_ZERO' */;
/*!40111 SET @OLD_SQL_NOTES=@@SQL_NOTES, SQL_NOTES=0 */;

--
-- Table structure for table `admin`
--

DROP TABLE IF EXISTS `admin`;
/*!40101 SET @saved_cs_client     = @@character_set_client */;
/*!50503 SET character_set_client = utf8mb4 */;
CREATE TABLE `admin` (
  `id` int NOT NULL AUTO_INCREMENT,
  PRIMARY KEY (`id`),
  CONSTRAINT `admin_user_fk` FOREIGN KEY (`id`) REFERENCES `user` (`id`)
) ENGINE=InnoDB AUTO_INCREMENT=302 DEFAULT CHARSET=utf8mb4 COLLATE=utf8mb4_0900_ai_ci;
/*!40101 SET character_set_client = @saved_cs_client */;

--
-- Dumping data for table `admin`
--

LOCK TABLES `admin` WRITE;
/*!40000 ALTER TABLE `admin` DISABLE KEYS */;
INSERT INTO `admin` VALUES (301);
/*!40000 ALTER TABLE `admin` ENABLE KEYS */;
UNLOCK TABLES;

--
-- Table structure for table `course`
--

DROP TABLE IF EXISTS `course`;
/*!40101 SET @saved_cs_client     = @@character_set_client */;
/*!50503 SET character_set_client = utf8mb4 */;
CREATE TABLE `course` (
  `id` int NOT NULL AUTO_INCREMENT,
  `course_name` varchar(255) DEFAULT NULL,
  `status` int DEFAULT NULL,
  `strength` int DEFAULT NULL,
  `professor_id` int DEFAULT NULL,
  PRIMARY KEY (`id`),
  KEY `course_professor_fk` (`professor_id`),
  CONSTRAINT `course_professor_fk` FOREIGN KEY (`professor_id`) REFERENCES `professor` (`id`)
) ENGINE=InnoDB AUTO_INCREMENT=8 DEFAULT CHARSET=utf8mb4 COLLATE=utf8mb4_0900_ai_ci;
/*!40101 SET character_set_client = @saved_cs_client */;

--
-- Dumping data for table `course`
--

LOCK TABLES `course` WRITE;
/*!40000 ALTER TABLE `course` DISABLE KEYS */;
INSERT INTO `course` VALUES (1,'English',1,0,203),(2,'Hindi',1,0,201),(3,'Maths',1,0,202),(4,'Science',0,0,NULL),(5,'History',0,0,NULL),(6,'Jedi',0,NULL,NULL);
/*!40000 ALTER TABLE `course` ENABLE KEYS */;
UNLOCK TABLES;

--
-- Table structure for table `notification`
--

DROP TABLE IF EXISTS `notification`;
/*!40101 SET @saved_cs_client     = @@character_set_client */;
/*!50503 SET character_set_client = utf8mb4 */;
CREATE TABLE `notification` (
  `id` int NOT NULL,
  `user_id` int DEFAULT NULL,
  `message` varchar(255) DEFAULT NULL,
  `status` int DEFAULT NULL,
  `type` int DEFAULT NULL,
  PRIMARY KEY (`id`),
  KEY `notification_user_fk` (`user_id`),
  CONSTRAINT `notification_user_fk` FOREIGN KEY (`user_id`) REFERENCES `user` (`id`)
) ENGINE=InnoDB DEFAULT CHARSET=utf8mb4 COLLATE=utf8mb4_0900_ai_ci;
/*!40101 SET character_set_client = @saved_cs_client */;

--
-- Dumping data for table `notification`
--

LOCK TABLES `notification` WRITE;
/*!40000 ALTER TABLE `notification` DISABLE KEYS */;
/*!40000 ALTER TABLE `notification` ENABLE KEYS */;
UNLOCK TABLES;

--
-- Table structure for table `payment`
--

DROP TABLE IF EXISTS `payment`;
/*!40101 SET @saved_cs_client     = @@character_set_client */;
/*!50503 SET character_set_client = utf8mb4 */;
CREATE TABLE `payment` (
  `student_id` int NOT NULL,
  `payment_mode` int DEFAULT NULL,
  `status` int DEFAULT NULL,
  PRIMARY KEY (`student_id`),
  CONSTRAINT `payment_student_fk` FOREIGN KEY (`student_id`) REFERENCES `student` (`id`)
) ENGINE=InnoDB DEFAULT CHARSET=utf8mb4 COLLATE=utf8mb4_0900_ai_ci;
/*!40101 SET character_set_client = @saved_cs_client */;

--
-- Dumping data for table `payment`
--

LOCK TABLES `payment` WRITE;
/*!40000 ALTER TABLE `payment` DISABLE KEYS */;
/*!40000 ALTER TABLE `payment` ENABLE KEYS */;
UNLOCK TABLES;

--
-- Table structure for table `professor`
--

DROP TABLE IF EXISTS `professor`;
/*!40101 SET @saved_cs_client     = @@character_set_client */;
/*!50503 SET character_set_client = utf8mb4 */;
CREATE TABLE `professor` (
  `id` int NOT NULL AUTO_INCREMENT,
  `dept_id` int DEFAULT NULL,
  PRIMARY KEY (`id`),
  CONSTRAINT `professor_user_fk` FOREIGN KEY (`id`) REFERENCES `user` (`id`)
) ENGINE=InnoDB AUTO_INCREMENT=204 DEFAULT CHARSET=utf8mb4 COLLATE=utf8mb4_0900_ai_ci;
/*!40101 SET character_set_client = @saved_cs_client */;

--
-- Dumping data for table `professor`
--

LOCK TABLES `professor` WRITE;
/*!40000 ALTER TABLE `professor` DISABLE KEYS */;
INSERT INTO `professor` VALUES (201,NULL),(202,1),(203,NULL);
/*!40000 ALTER TABLE `professor` ENABLE KEYS */;
UNLOCK TABLES;

--
-- Table structure for table `registeredCourses`
--

DROP TABLE IF EXISTS `registeredCourses`;
/*!40101 SET @saved_cs_client     = @@character_set_client */;
/*!50503 SET character_set_client = utf8mb4 */;
CREATE TABLE `registeredCourses` (
  `course_id` int NOT NULL,
  `student_id` int NOT NULL,
  `grade` varchar(3) DEFAULT NULL,
  PRIMARY KEY (`course_id`,`student_id`),
  KEY `registered_student_fk` (`student_id`),
  CONSTRAINT `registered_course_fk` FOREIGN KEY (`course_id`) REFERENCES `course` (`id`),
  CONSTRAINT `registered_student_fk` FOREIGN KEY (`student_id`) REFERENCES `student` (`id`)
) ENGINE=InnoDB DEFAULT CHARSET=utf8mb4 COLLATE=utf8mb4_0900_ai_ci;
/*!40101 SET character_set_client = @saved_cs_client */;

--
-- Dumping data for table `registeredCourses`
--

LOCK TABLES `registeredCourses` WRITE;
/*!40000 ALTER TABLE `registeredCourses` DISABLE KEYS */;
INSERT INTO `registeredCourses` VALUES (1,101,NULL),(2,101,'A+'),(3,101,'A+'),(4,101,NULL);
/*!40000 ALTER TABLE `registeredCourses` ENABLE KEYS */;
UNLOCK TABLES;

--
-- Table structure for table `role`
--

DROP TABLE IF EXISTS `role`;
/*!40101 SET @saved_cs_client     = @@character_set_client */;
/*!50503 SET character_set_client = utf8mb4 */;
CREATE TABLE `role` (
  `type` int NOT NULL,
  `role` varchar(255) DEFAULT NULL,
  PRIMARY KEY (`type`)
) ENGINE=InnoDB DEFAULT CHARSET=utf8mb4 COLLATE=utf8mb4_0900_ai_ci;
/*!40101 SET character_set_client = @saved_cs_client */;

--
-- Dumping data for table `role`
--

LOCK TABLES `role` WRITE;
/*!40000 ALTER TABLE `role` DISABLE KEYS */;
INSERT INTO `role` VALUES (1,'Student'),(2,'Professor'),(3,'Admin');
/*!40000 ALTER TABLE `role` ENABLE KEYS */;
UNLOCK TABLES;

--
-- Table structure for table `student`
--

DROP TABLE IF EXISTS `student`;
/*!40101 SET @saved_cs_client     = @@character_set_client */;
/*!50503 SET character_set_client = utf8mb4 */;
CREATE TABLE `student` (
  `id` int NOT NULL AUTO_INCREMENT,
  `is_approved` int DEFAULT NULL,
  PRIMARY KEY (`id`),
  CONSTRAINT `student_user_fk` FOREIGN KEY (`id`) REFERENCES `user` (`id`)
) ENGINE=InnoDB AUTO_INCREMENT=104 DEFAULT CHARSET=utf8mb4 COLLATE=utf8mb4_0900_ai_ci;
/*!40101 SET character_set_client = @saved_cs_client */;

--
-- Dumping data for table `student`
--

LOCK TABLES `student` WRITE;
/*!40000 ALTER TABLE `student` DISABLE KEYS */;
INSERT INTO `student` VALUES (101,1),(102,1),(103,1);
/*!40000 ALTER TABLE `student` ENABLE KEYS */;
UNLOCK TABLES;

--
-- Table structure for table `user`
--

DROP TABLE IF EXISTS `user`;
/*!40101 SET @saved_cs_client     = @@character_set_client */;
/*!50503 SET character_set_client = utf8mb4 */;
CREATE TABLE `user` (
  `id` int NOT NULL AUTO_INCREMENT,
  `password` varchar(255) DEFAULT NULL,
  `name` varchar(255) DEFAULT NULL,
  `type` int DEFAULT NULL,
  PRIMARY KEY (`id`),
  KEY `user_role_fk` (`type`),
  CONSTRAINT `user_role_fk` FOREIGN KEY (`type`) REFERENCES `role` (`type`)
) ENGINE=InnoDB AUTO_INCREMENT=302 DEFAULT CHARSET=utf8mb4 COLLATE=utf8mb4_0900_ai_ci;
/*!40101 SET character_set_client = @saved_cs_client */;

--
-- Dumping data for table `user`
--

LOCK TABLES `user` WRITE;
/*!40000 ALTER TABLE `user` DISABLE KEYS */;
INSERT INTO `user` VALUES (101,'pass','parth',1),(102,'23','Manan',1),(103,'pass','newstudent',1),(201,'pass','rohit',2),(202,'1234','Ashok',2),(203,'1234','Ashwini',NULL),(301,'pass','shruti',3);
/*!40000 ALTER TABLE `user` ENABLE KEYS */;
UNLOCK TABLES;
/*!40103 SET TIME_ZONE=@OLD_TIME_ZONE */;

/*!40101 SET SQL_MODE=@OLD_SQL_MODE */;
/*!40014 SET FOREIGN_KEY_CHECKS=@OLD_FOREIGN_KEY_CHECKS */;
/*!40014 SET UNIQUE_CHECKS=@OLD_UNIQUE_CHECKS */;
/*!40101 SET CHARACTER_SET_CLIENT=@OLD_CHARACTER_SET_CLIENT */;
/*!40101 SET CHARACTER_SET_RESULTS=@OLD_CHARACTER_SET_RESULTS */;
/*!40101 SET COLLATION_CONNECTION=@OLD_COLLATION_CONNECTION */;
/*!40111 SET SQL_NOTES=@OLD_SQL_NOTES */;

-- Dump completed on 2022-06-24 15:08:19
